<?xml version="1.0" encoding="utf-8" standalone="yes" ?>
<Window bktrans="true">
<Font name="微软雅黑" size="14" default="true"/>
    <VerticalLayout> <!-- 主界面 -->
		<HorizontalLayout bkcolor="0x6BB8C6BE" name="bar_title" height="26" visible="false"> <!-- 标题栏 -->
		<Button name="button_alwaystop_true" width="29" height="29" normalimage="button\alwaystop_true.png" tooltip="取消总在最前" />
		<Button name="button_alwaystop_false" visible="false" width="29" height="29" normalimage="button\alwaystop_false.png" tooltip="总在最前" />
		<HorizontalLayout>
		<Label name="label_title" textcolor="0xFF431B18" text="" align="center" />
		</HorizontalLayout>
		<HorizontalLayout bkcolor="0x01B8C6BE" height="25" width="75">
		<HorizontalLayout height="28" width="76" padding="0,0,0,0">
        <Button name="button_min" width="31" height="28" normalimage="file='button\min.png' source='0,1,31,29'" hotimage="file='button\min.png' source='31,1,62,29'" pushedimage="file='button\min.png' source='62,1,93,29'" tooltip="最小化" />  
        <Button name="button_close" width="45" height="28" normalimage="file='button\close.png' source='0,1,45,29'" hotimage="file='button\close.png' source='45,1,90,29'" pushedimage="file='button\close.png' source='90,1,135,29'" tooltip="关闭" />
		</HorizontalLayout>
		</HorizontalLayout>
		
		</HorizontalLayout>
		
		<VerticalLayout />
		
		<VerticalLayout name="bar_control" bkcolor="0x6BB8C6BE" height="78" visible="false">   <!-- 控制栏 -->
		<Label name="label_time" textcolor="0xFF431B18" float="true" pos="35,22" width="200" height="20" text="" />  <!-- 时间标签 -->
		<HorizontalLayout name="bar_playstop" height="55" padding="15,0,0,0"> <!-- 按钮栏 -->
		<HorizontalLayout />
		<HorizontalLayout bkcolor="0x01B8C6BE" height="55" width="400">
		<HorizontalLayout />
		<Button name="button_list" width="34" height="49" padding="0,6,2,0" normalimage="button\list_normal.png" hotimage="button\list_hover.png" pushedimage="button\list_down.png" tooltip="打开播放列表" />
		<Button name="button_prev" width="49" height="49" padding="0,6,0,0" normalimage="button\left_normal.png" hotimage="button\left_hover.png" pushedimage="button\left_down.png" tooltip="上一个" />
		<Button name="button_play" width="49" height="49" padding="0,6,0,0" normalimage="button\play_normal.png" hotimage="button\play_hover.png" pushedimage="button\play_down.png" tooltip="播放" />
        <Button name="button_pause" width="49" height="49" padding="0,6,0,0" normalimage="button\pause_normal.png" hotimage="button\pause_hover.png" pushedimage="button\pause_down.png" visible="false" tooltip="暂停" />
		<Button name="button_next" width="49" height="49" padding="0,6,0,0" normalimage="button\right_normal.png" hotimage="button\right_hover.png" pushedimage="button\right_down.png" tooltip="下一个" />
		<Button name="button_reload" width="34" height="49" padding="2,6,0,0" normalimage="button\reload_normal.png" hotimage="button\reload_hover.png" pushedimage="button\reload_down.png" tooltip="重新加载播放列表" />
		<HorizontalLayout />
		</HorizontalLayout>
		<HorizontalLayout />
		</HorizontalLayout>
		
		<HorizontalLayout name="bar_slider" height="9" padding="20,8,20,8"> <!-- Slider栏 -->
		<Slider name="slider_play_process" height="9" bkimage="file='slider\slider_bk.png' corner='1,1,1,1'" foreimage="file='slider\slider_fore.png' corner='1,0,0,1'" min="0" max="1000" value="0" thumbimage="slider\SliderBar_normal.png" thumbhotimage="slider\SliderBar_hover.png" thumbpushedimage="slider\SliderBar_down.png" thumbsize="9,9" sendmove="true" padding="10,0,10,0"/>
		
		<Slider name="slider_volume" height="9" width="100" bkimage="file='slider\slider_bk.png' corner='1,1,1,1'" foreimage="file='slider\slider_fore.png' corner='1,0,0,1'" min="0" max="100" value="0" thumbimage="slider\SliderBar_normal.png" thumbhotimage="slider\SliderBar_hover.png" thumbpushedimage="slider\SliderBar_down.png" thumbsize="9,9" sendmove="true" padding="10,0,10,0"/>
		</HorizontalLayout>
		
		</VerticalLayout>
    </VerticalLayout>
</Window>
