﻿<?xml version="1.0" encoding="utf-8"?>
<Window>
<Font name="微软雅黑" size="12" bold="true" default="true" />

<MenuContainer interval="2" keyevent="true">
	<Menu name="major" width="216" bkimage="file='Controls_Menu\menubk.png' corner='5,5,5,5'" major="true">
		<MenuItem height="23" padding="4,4,4,2" command="openfile">
			<HorizontalLayout>
				<Control width="36"/>
				<Label font="1" name="menu_label" text="打开媒体文件"/>
			</HorizontalLayout>
		</MenuItem>
		
		<MenuItem height="23" padding="4,2,4,2" command="openplaylist">
			<HorizontalLayout>
				<Control width="36"/>
				<Label name="menu_label" text="打开播放列表"/>
			</HorizontalLayout>
		</MenuItem>
		
		<!-- 分割线 -->
		<StaticMenuItem height="11" padding="4,2,4,2">
			<VerticalLayout>
				<Control />
				<HorizontalLayout height="1">
					<Control width="10"/>
					<Control bkcolor="#ffcdcdcc" height="1"/>
					<Control width="10"/>
				</HorizontalLayout>
				<Control />
		    </VerticalLayout>
		</StaticMenuItem>
		
		<MenuItem height="23" padding="4,2,4,2" extendmenu="conmenu_ps">
			<HorizontalLayout>
				<Control width="36"/>
				<Label name="menu_label" text="播放控制"/>
				<Control name="extend" bkimage="Controls_Menu\menu_expand.png" width="19" height="19" padding="0,3,0,0"/>
				<Control name="extend_hover" bkimage="Controls_Menu\menu_expand.png" width="19" height="19" padding="0,3,0,0" visible="false"/>
				<Control width="3"/>
			</HorizontalLayout>
		</MenuItem>
		
		<MenuItem height="23" padding="4,2,4,2" extendmenu="conmenu_playmode">
			<HorizontalLayout>
				<Control width="36"/>
				<Label name="menu_label" text="播放顺序"/>
				<Control name="extend" bkimage="Controls_Menu\menu_expand.png" width="19" height="19" padding="0,3,0,0"/>
				<Control name="extend_hover" bkimage="Controls_Menu\menu_expand.png" width="19" height="19" padding="0,3,0,0" visible="false"/>
				<Control width="3"/>
			</HorizontalLayout>
		</MenuItem>
		
		<MenuItem height="23" padding="4,2,4,2" command="settings">
			<HorizontalLayout>
				<Control width="36"/>
				<Label name="menu_label" text="设置"/>
			</HorizontalLayout>
		</MenuItem>
		
		<MenuItem height="23" padding="4,2,4,2" command="help">
			<HorizontalLayout>
				<Control width="36"/>
				<Label name="menu_label" text="帮助"/>
			</HorizontalLayout>
		</MenuItem>
		
		<MenuItem height="23" padding="4,2,4,2" command="about">
			<HorizontalLayout>
				<Control width="36"/>
				<Label name="menu_label" text="关于"/>
			</HorizontalLayout>
		</MenuItem>
	</Menu>
	
	<Menu name="conmenu_playmode" width="160" bkimage="file='Controls_Menu\menubk.png' corner='5,5,5,5'">
		<MenuItem height="23" padding="4,4,4,2" command="playmode_queue">
			<HorizontalLayout>
				<HorizontalLayout width="36">
				<Control name="icon_checked_queue" width="23" height="23" padding="0,1,0,0" bkimage="file='Controls_Menu\checked.png'" visible="false"/>
				</HorizontalLayout>
				<Label name="menu_label" text="依次播放"/>
				<Label name="menu_shortcut" text="" align="right" enabled="false"/>
			</HorizontalLayout>
		</MenuItem>
		
		<MenuItem height="23" padding="4,4,4,2" command="playmode_loop">
			<HorizontalLayout>
				<HorizontalLayout width="36">
				<Control name="icon_checked_loop" width="23" height="23" padding="0,1,0,0" bkimage="file='Controls_Menu\checked.png'" visible="false"/>
				</HorizontalLayout>
				<Label name="menu_label" text="单曲循环"/>
				<Label name="menu_shortcut" text="" align="right" enabled="false"/>
			</HorizontalLayout>
		</MenuItem>
		
		<MenuItem height="23" padding="4,4,4,2" command="playmode_random">
			<HorizontalLayout>
				<HorizontalLayout width="36">
				<Control name="icon_checked_random" width="23" height="23" padding="0,1,0,0" bkimage="file='Controls_Menu\checked.png'" visible="false"/>
				</HorizontalLayout>
				<Label name="menu_label" text="随机播放"/>
				<Label name="menu_shortcut" text="" align="right" enabled="false"/>
			</HorizontalLayout>
		</MenuItem>

	</Menu>
	
	<Menu name="conmenu_ps" width="260" bkimage="file='Controls_Menu\menubk.png' corner='5,5,5,5'">
	
		<MenuItem height="23" padding="4,4,4,2" command="playpause">
			<HorizontalLayout>
				<Control width="36"/>
				<Label name="menu_label" text="播放/暂停"/>
				<Label name="menu_shortcut" text="Ctrl+Alt+Space" align="right" enabled="false"/>
				<Control width="36"/>
			</HorizontalLayout>
		</MenuItem>
		
		<MenuItem height="23" padding="4,4,4,2" command="stop">
			<HorizontalLayout>
				<Control width="36"/>
				<Label name="menu_label" text="停止"/>
				<Control width="36"/>
			</HorizontalLayout>
		</MenuItem>
		
		<MenuItem height="23" padding="4,4,4,2" command="playprev">
			<HorizontalLayout>
				<Control width="36"/>
				<Label name="menu_label" text="上一个"/>
				<Label name="menu_shortcut" text="Ctrl+Alt+←" align="right" enabled="false"/>
				<Control width="36"/>
			</HorizontalLayout>
		</MenuItem>
		
		<MenuItem height="23" padding="4,4,4,2" command="playnext">
			<HorizontalLayout>
				<Control width="36"/>
				<Label name="menu_label" text="下一个"/>
				<Label name="menu_shortcut" text="Ctrl+Alt+→" align="right" enabled="false"/>
				<Control width="36"/>
			</HorizontalLayout>
		</MenuItem>
		
		<!-- 分割线 -->
		<StaticMenuItem height="11" padding="4,2,4,2">
			<VerticalLayout>
				<Control />
				<HorizontalLayout height="1">
					<Control width="10"/>
					<Control bkcolor="#ffcdcdcc" height="1"/>
					<Control width="10"/>
				</HorizontalLayout>
				<Control />
		    </VerticalLayout>
		</StaticMenuItem>
		
		<MenuItem height="23" padding="4,2,4,2" command="mute">
			<HorizontalLayout>
				<HorizontalLayout width="36">
				<Control name="icon_mutechecked" width="23" height="23" padding="0,1,0,0" bkimage="file='Controls_Menu\checked.png'" visible="false"/>
				</HorizontalLayout>
				<Label name="menu_label" text="静音"/>
				<Label name="menu_shortcut" text="Ctrl+Alt+M" align="right" enabled="false"/>
				<Control width="36"/>
			</HorizontalLayout>
		</MenuItem>
		
	</Menu>
</MenuContainer>

</Window>