<?xml version="1.0" encoding="utf-8" standalone="yes" ?>
<Window size="330,70" showdirty="true">

<Font id="0" name="微软雅黑" size="14" bold="false" default="true"/>
<Font id="1" name="微软雅黑" size="15" bold="true"/>
<Font id="2" name="微软雅黑" size="12" bold="false"/>

<VerticalLayout bkcolor="0xff4e5052">
	<HorizontalLayout name="title_bar" height="23">
	<Control name="img_info" bkimage="message\info.png" height="20" width="20" padding="6,5,5,5" visible="false"/>
	<Control name="img_exclamation" bkimage="message\exclamation.png" height="20" width="20" padding="6,5,5,5" visible="false"/>
	<Control name="img_question" bkimage="message\question.png" height="20" width="20" padding="6,5,5,5" visible="false"/>
	<Label name="title" font="1" text="Video Player Message" padding="5,4,0,0" align="left" textcolor="0xffbfbfbf"/>
	<Button name="button_close" normalimage="message\close.png" height="20" width="20" padding="0,3,5,0"/>
	</HorizontalLayout>
	<HorizontalLayout name="contentContainer" padding="10,5,10,10"/>
	<HorizontalLayout name="buttonContainer" padding="10,0,10,10" height="28" visible="false">
		<Control />
		<Button name="button1" font="2" text="Load Anyway" textcolor="0xffbfbfbf" hotimage="message\button_hover.png" normalimage="message\button.png" height="28" width="113"/>
		<Control width="5" />
		<Button name="button2" font="2" text="Cancel" textcolor="0xffbfbfbf" hotimage="message\button_hover.png" normalimage="message\button.png" height="28" width="113"/>
	</HorizontalLayout>
</VerticalLayout>
</Window>
