<?xml version="1.0" encoding="utf-8" standalone="yes" ?>
<Window size="418,445" caption="0,0,0,30" mininfo="200,200" showdirty="true" roundcorner="5,5,5,5">

<Font name="微软雅黑" size="14" default="true"/>

<Default name="VScrollBar" value="button1normalimage=&quot;playlist\v_scroll_arrow_left.png&quot; button2normalimage=&quot;playlist\v_scroll_arrow_right.png&quot; railnormalimage=&quot;file='playlist\v_scroll_handle.png' corner='0,6,0,8'&quot; bknormalimage=&quot;file='playlist\v_scroll_track.png' corner='0,6,0,6'&quot; thumbnormalimage=&quot;file='playlist\v_scroll_handle.png' corner='0,6,0,8'&quot; " />

<Default name="HScrollBar" value="button1normalimage=&quot;playlist\h_scroll_arrow_left.png&quot; button2normalimage=&quot;playlist\h_scroll_arrow_right.png&quot; railnormalimage=&quot;file='playlist\h_scroll_handle.png' corner='6,0,8,0'&quot; bknormalimage=&quot;file='playlist\h_scroll_track.png' corner='6,0,6,0'&quot; thumbnormalimage=&quot;file='playlist\h_scroll_handle.png' corner='6,0,8,0'&quot; " />

<VerticalLayout bkimage="file='playlist\bk.png' corner='0,32,0,0'">
	<Label name="dragline" float="true" pos="0,30,100,35" align="center" bkcolor="#ffcdcdcc" visible="false"/>

	<Label name="title" text="播放列表" padding="0,2,0,0" align="center" textcolor="d7e1eb"/>
	
	<HorizontalLayout padding="0,0,0,0">
		<List name="playlist" bkcolor="#00FFFFFF" vscrollbar="true" hscrollbar="true" itemalign="left" itembkcolor="#00FFFFFF" itemaltbk="false" menu="true" header="hidden" itemtextcolor="0xffd7e1eb" itemhottextcolor="0xffffffff" itemhotbkcolor="0x00ffffff" itemselectedbkcolor="0xff10273d" itemselectedtextcolor="0xffffffff">
		</List>
	</HorizontalLayout>
</VerticalLayout>
</Window>