<?xml version="1.0" encoding="utf-8"?>
<Window>
<Font name="微软雅黑" size="12" bold="true" default="true" />

<MenuContainer interval="2" keyevent="true">
	<Menu name="major" width="216" bkimage="file='Controls_Menu\menubk.png' corner='5,5,5,5'" major="true">
		<MenuItem height="23" padding="4,4,4,2" command="delete">
			<HorizontalLayout>
				<Control width="36"/>
				<Label font="1" name="menu_label" text="从播放列表移出"/>
			</HorizontalLayout>
		</MenuItem>
		
		<MenuItem height="23" padding="4,4,4,2" command="whereismysong">
			<HorizontalLayout>
				<Control width="36"/>
				<Label name="menu_label" text="定位到当前文件"/>
			</HorizontalLayout>
		</MenuItem>
		
		<!-- 分割线 -->
		<StaticMenuItem height="11" padding="4,4,4,2">
			<VerticalLayout>
				<Control />
				<HorizontalLayout height="1">
					<Control width="5"/>
					<Control bkcolor="#ffcdcdcc" height="1"/>
					<Control width="5"/>
				</HorizontalLayout>
				<Control />
		    </VerticalLayout>
		</StaticMenuItem>
		
		<MenuItem height="23" padding="4,4,4,2" command="open_in_explorer">
			<HorizontalLayout>
				<Control width="36"/>
				<Label name="menu_label" text="打开所在的文件夹"/>
			</HorizontalLayout>
		</MenuItem>
		
	</Menu>
</MenuContainer>

</Window>